"d-block src","me-3 src","vendeur","description","stretched-link href","mb-1","affiche","note","nb-rate","colorGrey350 2","colorGrey350 3","colorGrey350 4","colorGrey350 5","colorGrey200","colorGrey200 2"
"https://thumbor.comeup.com/CWx75k_6aZ9VYeQkQN-aV1QRajI=/390x219/filters:format(webp):quality(90)/uploads/media/picture/2025-05-14/4ae3642d-black-and-white-modern-application-developer-business-presentation-6824c33f43f18.png","https://thumbor.comeup.com/Q9xHggj8ydgGI2wnIRBAgc3fKkE=/28x28/filters:quality(90):no_upscale()/user/3b65299d-cfeb-4fc2-b976-b8dc8f8f24a5.jpg","Monark_Studio","Je vais créer votre site de conciergerie Airbnb, pensé pour convertir vos visiteurs en clients","https://comeup.com/api/stats/click/ceefaf6ef8cb1a7740dd73d8ecd459952f3bb92cc913bb60814369bcc90b5674a002c3b2760160ebdecc8da99fc632460254d378e4363fd3bfd64da19673fe34a357f86a6dac17a7992904b206529d0f5a5876bbde9867763d93de5b436144bea3e2f34717ddd189e18fb4738d79e2a7610cf8707c10a5e72e1e8cab878e867ac968c9947fbee18e48b4b12ba48347afc59541536fbb9e909a85ab8519c0a46317c6e9092bdfc86606e15088d29b6c09087bd9424f5233075cd2ef46472bb92bf086db80a9519658b2813a7884c199befb493fd90e61394e44adddf38d21558101351b0655e7994e7413983069a2d5a787de965269e54947c875858399f19c29e2dd0daaf810d2ba2207aab631cbb62e91a529b4bb77baffcf2e097ff61571ae26b0a2c7967cc43271f83e768d161c1d4d363a572e6f663ee055?_hash=eeI%2FoH1RHZUxoK1pTWaSMxvc2OsiukSsliVVJ9rENHU%3D&_time=1749154052","À partir de 412,89 £GB","","","","","","","","",""
"https://thumbor.comeup.com/nANntK1xwVY8UAdLIRO6DrAAKMc=/390x219/filters:format(webp):quality(90)/uploads/media/picture/2025-02-03/vignette-comeup-upweb-agency-creation-site-web-4-1-67a0810a6792b.jpg","https://thumbor.comeup.com/QfSpUO0DaPYjoMIGGxhNG99Qfbs=/28x28/filters:quality(90):no_upscale()/user/d74fd15f-1185-4940-81db-d4162869c9d1.png","UpWeb_Agency","Je vais créer votre site web, vitrine WordPress optimisé SEO avec le thème Divi","https://comeup.com/fr/service/143078/creer-votre-site-web-vitrine-wordpress-optimise-seo-avec-le-theme-divi","À partir de 328,63 £GB","[object Object]","5,0","(141)","$","$","$","$","",""
"https://thumbor.comeup.com/I6QTBL8dkCj0DS33mRlQlmhJQdE=/390x219/filters:format(webp):quality(90)/uploads/media/picture/2025-04-13/creation-site-wordpress-vignette-caroline-4-67fbea36ae856.png","https://thumbor.comeup.com/W-_IGvlC1p2f-mPTSBy2GV6YJUg=/28x28/filters:quality(90):no_upscale()/user/fd449438-53ca-49c3-ba4f-e358097440e3.png","Caroline_WordPress","Je vais créer votre site web WordPress personnalisé pour une visibilité SEO sur internet, Divi ou Elementor","https://comeup.com/fr/service/141075/creer-votre-site-web-wordpress-personnalise-pour-une-visibilite-seo-sur-internet-divi-ou-elementor","À partir de 332,84 £GB","[object Object]","5,0","(384)","$","$","$","$","",""
"https://thumbor.comeup.com/aUORgiOzZB1wCeSXsTUFo1RsCNU=/390x219/filters:format(webp):quality(90)/uploads/media/picture/2025-05-22/ed1e24f2-diapositive1-682e7d1cd5512.jpg","https://thumbor.comeup.com/k1c7EOqwSJshNHpmLq3WUA0LGXE=/28x28/filters:quality(90):no_upscale()/user/5700fec2-aec8-4b31-8b7f-41d2d267d136.jpg","Netcoaching","Je vais créer ou faire la refonte Premium de votre Site avec Elementor ou DIVI","https://comeup.com/api/stats/click/9b27b3f69078cc099a3b200cba418da05f013660c03a6dca53f8789a6148404040249048d717d25a0714eecf7f7fb80c14eb0816bbd66e721d737d7d2b66d89d7bac1fcaf29164ed2a53b34afbb3aad78469dacd26a42251eda5d24e493707cafa6a7e2cc8c2f8dd793b599e8de27ac9cbed5ab2b26218a1bac41ff34a1773db54aa2ff2611df4936f2eb3b4fb0eaa1afabfec335a2bcb5a2db3327efea58231f59969914ab37e2d67dabe0961f166304adc4682db8b6bd5876a7d1427ece4f9f053cfbce3954e574d8d21da19c7b78c0c21fa4d304899df61bc083e150cc76e9744b4818b415bad53be3f5dff546e51e9affd67b4bbc837dc1cfca288fb01f64525eb91f40c268a172c6098a2a44bc82bc98d82230162b0464c862153b14f33de6e46095202d3734a2992?_hash=FNuoeKCxjRQOESOTGwLHdIUCoocIMeBOkcR1Enfkg5Y%3D&_time=1749154052","À partir de 42,13 £GB","[object Object]","5,0","(10)","","","","","",""
"https://thumbor.comeup.com/Niq9MJKl4hYZ9e0LbRxeMTrmPAE=/390x219/filters:format(webp):quality(90)/uploads/media/picture/2024-11-14/crea-wp-6736233900ed8.png","https://thumbor.comeup.com/ssg3Cav2fLmtJe3IzJTx78-GYcw=/28x28/filters:quality(90):no_upscale()/user/f8a387f1-6fdf-4ac7-8fc0-1f497696ef75.png","EcomDev","Je vais créer votre site web optimisé SEO avec WordPress","https://comeup.com/fr/service/270709/creer-votre-site-web-optimise-seo-avec-wordpress","À partir de 328,63 £GB","[object Object]","5,0","(83)","$","$","$","","$",""
"https://thumbor.comeup.com/NhWS2Q82LvT_EO1_1KpIaFmAfOE=/390x219/filters:format(webp):quality(90)/uploads/media/picture/2022-03-31/sur-mesure-6244e6927d5a9.png","https://thumbor.comeup.com/MKqdGSoYYMaJaJhUuuQ-ZyuO4ag=/28x28/filters:quality(90):no_upscale()/user/4e8a6ec1-8270-4528-93eb-821cd2445bda.jpeg","hbconsultant","Je vais vous aider à développer votre site design, rapide et sécurisé","https://comeup.com/fr/service/55271/vous-aider-a-developper-votre-site-design-rapide-et-securise","À partir de 589,85 £GB","[object Object]","5,0","(33)","$","$","$","$","",""
"https://thumbor.comeup.com/DnuFQnWBFGXA0-ojOD5Nrxbq124=/390x219/filters:format(webp):quality(90)/uploads/media/picture/2024-05-10/16-663e38d665738.jpg","https://thumbor.comeup.com/VnApese94bN2vhvQkQSwjfeNFUk=/28x28/filters:quality(90):no_upscale()/user/f2940d40-f149-4532-9f34-afa56dcd3d94.png","gataka_web","Je vais créer un site internet professionnel avec WordPress","https://comeup.com/fr/service/352363/creer-un-site-internet-professionnel-avec-wordpress","À partir de 674,11 £GB","[object Object]","4,9","(46)","$","$","$","$","",""
"https://thumbor.comeup.com/KuuwOt9ur3KpqnVvYSudhM7-DrQ=/390x219/filters:format(webp):quality(90)/uploads/media/picture/2025-04-06/je-vais-coder-votre-site-professionnel-avec-html-css-js-et-php-67f2c39be9439.png","https://thumbor.comeup.com/_gM2WSXFeJfOCN4mdtLgbo43xHg=/28x28/filters:quality(90):no_upscale()/user/d9dd05d8-71dc-41e8-a2e7-dc3f44cb6364.jpg","Franki1607","Je vais coder votre site professionnel avec html, css, js et php","https://comeup.com/fr/service/424593/coder-votre-site-professionnel-avec-html-css-js-et-php","À partir de 164,31 £GB","[object Object]","5,0","(32)","$","$","$","","$",""
"https://thumbor.comeup.com/h3OsMJIg61ZDCYap-Q_stVLf-ME=/390x219/filters:format(webp):quality(90)/uploads/media/picture/2024-11-11/solution-web-cre-ation-des-sites-web-et-boutiques-professionnels-en-ligne-sur-mesure-67320d07267ad.png","https://thumbor.comeup.com/Kfq_SgfeDD5Cx3SvD-wBC-OrwrQ=/28x28/filters:quality(90):no_upscale()/user/22c9e8db-49e9-45d4-b42f-5c12f9558389.png","SolutionWeb","Je vais créer votre site web sur mesure optimisé SEO avec WordPress","https://comeup.com/fr/service/49353/creer-votre-site-web-sur-mesure-optimise-seo-avec-wordpress","À partir de 164,31 £GB","[object Object]","5,0","(281)","$","$","$","","$",""
"https://thumbor.comeup.com/tMk9h63GdHR77X7zBZj9pzZorDw=/390x219/filters:format(webp):quality(90)/uploads/media/picture/2025-05-28/a050ad99-creation-de-site-web-6836ebfde129f.png","https://thumbor.comeup.com/gImvrJePyNHyc1YIEiT0L9CPQtA=/28x28/filters:quality(90):no_upscale()/user/23e2a22c-897d-4032-bae6-5184b38b073d.png","ConsultantWeb","Je vais créer un site web professionnel","https://comeup.com/fr/service/430381/creer-un-site-web-professionnel","À partir de 417,11 £GB","[object Object]","5,0","(43)","$","$","","","$","$"
"https://thumbor.comeup.com/dmYG9v7Is7w4-ZLzlSh4pxJd0c0=/390x219/filters:format(webp):quality(90)/uploads/media/picture/2025-02-18/sitevitrine-67b49a260d2a4.png","https://thumbor.comeup.com/X1xA8DoUgGm4GszCWrwOzKPtv0k=/28x28/filters:quality(90):no_upscale()/user/43045407-d1c9-4589-b8fb-8ea122bcc0c3.png","horizonplus","Je vais créer votre site web ou refondre votre internet  optimisé SEO avec WordPress","https://comeup.com/fr/service/42859/creer-votre-site-web-ou-refondre-votre-internet-optimise-seo-avec-wordpress","À partir de 210,66 £GB","[object Object]","5,0","(78)","$","$","$","","$",""
"https://thumbor.comeup.com/6V2j_8YThY7o2qQNbfjC_EjZEuE=/390x219/filters:format(webp):quality(90)/uploads/media/picture/2021-02-04/creation-site-1-601b34c7034eb.png","https://thumbor.comeup.com/oKORP1stQDouG1lDO9nKHqUPEAM=/28x28/filters:quality(90):no_upscale()/user/fd324689-34e4-436b-80f1-2507ed7b5cbb.jpg","Youcef_web","Je vais créer votre site WordPress (vitrine, one page, blog)","https://comeup.com/fr/service/170456/creer-votre-site-wordpress-vitrine-one-page-blog","À partir de 12,64 £GB","[object Object]","5,0","(276)","$","$","","","$","$"
"https://thumbor.comeup.com/_-lkfNBzcQhrETBN_xuXFp4KAeM=/390x219/filters:format(webp):quality(90)/uploads/media/picture/2024-05-24/swello-6650a2e3979ef.png","https://thumbor.comeup.com/ibV5-QzrBBvInNcAb3IIsMjvHhc=/28x28/filters:quality(90):no_upscale()/user/5f53166a-3631-4010-874d-0f1461724191.jpg","WebCH","Je vais réaliser votre vitrine web (pas de WordPress)","https://comeup.com/fr/service/431695/realiser-votre-vitrine-web-pas-de-wordpress","À partir de 151,68 £GB","","5,0","(53)","$","$","$","","$",""
"https://thumbor.comeup.com/rnQcllEkKgx4ufRWGkP69UAfWhc=/390x219/filters:format(webp):quality(90)/uploads/media/picture/2025-03-24/1-cre-ation-sites-web-professionnel-67e15cba9e9a2.jpg","https://thumbor.comeup.com/L20RGo9joozbK37Est2XuFXrIBU=/28x28/filters:quality(90):no_upscale()/user/b10bf511-dd41-4d49-953c-fd44c8c139e2.png","Sitee","Je vais créer votre site web sur mesure","https://comeup.com/fr/service/241191/creer-votre-site-web-sur-mesure","À partir de 84,26 £GB","[object Object]","5,0","(69)","$","$","$","","$",""
"https://thumbor.comeup.com/K_ga-w2JCnZ55D6pXQDayOhZCXg=/390x219/filters:format(webp):quality(90)/uploads/media/picture/2024-02-07/martin-js-comeup-2024-41-65c333baa8de7.png","https://thumbor.comeup.com/-jj-ZoTyaFdSAXL1M8FcgLhA2ZA=/28x28/filters:quality(90):no_upscale()/user/9846b425-88df-4985-a99d-27555ca62253.png","Martin_JS","Je vais faire la refonte de site WordPress","https://comeup.com/fr/service/225517/faire-la-refonte-de-site-wordpress","À partir de 164,31 £GB","[object Object]","5,0","(64)","$","$","$","$","",""
"https://thumbor.comeup.com/0vnMdZQyGkwE3sTWoGuNxq3zMT4=/390x219/filters:format(webp):quality(90)/uploads/media/picture/2023-04-12/vignette-6436b8411a55f.jpg","https://thumbor.comeup.com/abPztFxpGdGuq1c7mLbKGMdrkZY=/28x28/filters:quality(90):no_upscale()/user/2e7b5d9d-c685-44be-b109-9095a77260c3.png","WebflowFreelance","Je vais créer votre site vitrine professionnel avec Webflow","https://comeup.com/fr/service/280142/creer-votre-site-vitrine-professionnel-avec-webflow","À partir de 286,50 £GB","[object Object]","5,0","(75)","$","$","$","$","",""
"https://thumbor.comeup.com/ei06PtOr_86aN30yxjyEBeW5_C8=/390x219/filters:format(webp):quality(90)/uploads/media/picture/2023-05-20/pub-site-internet-2-64682067703d4.jpg","https://thumbor.comeup.com/PvryavBtXd9cBHQ8v6HSvX04iPA=/28x28/filters:quality(90):no_upscale()/user/db3d9aba-b373-4858-a4bd-2bd436cdce0d.png","Webdesignerpro","Je vais créer un site internet professionnel complet","https://comeup.com/fr/service/54159/creer-un-site-internet-professionnel-complet","À partir de 417,08 £GB","[object Object]","5,0","(167)","$","$","","","$","$"
"https://thumbor.comeup.com/dXupCIgtZ5ziHPlIXFAIE7v4GQs=/390x219/filters:format(webp):quality(90)/uploads/media/picture/2024-07-16/swello-6695c1f578d39.png","https://thumbor.comeup.com/lg9bdhFaXoSeYW3CzewHTcQ7UIk=/28x28/filters:quality(90):no_upscale()/user/c1a57f97-db68-4b24-b917-2ac63efbfeda.jpg","IvanR","Je vais créer votre site web sur mesure avec WordPress - Wix - Drupal","https://comeup.com/fr/service/368088/creer-votre-site-web-sur-mesure-avec-wordpress-wix-drupal","À partir de 101,12 £GB","[object Object]","5,0","(43)","$","$","","","$","$"
"https://thumbor.comeup.com/6-rdGEdtmcJEbu4ObwfzElGGdfc=/390x219/filters:format(webp):quality(90)/uploads/media/picture/2024-09-30/0-v5-couverture-labo-k-66fa997dad08c.jpg","https://thumbor.comeup.com/id0s-TbY5d4Xyr6c-qf44ucfagU=/28x28/filters:quality(90):no_upscale()/user/42864a65-2707-4d85-879d-d91fb73bad8a.jpeg","EmericKA","Je vais créer votre site vitrine / blog / e-commerce WordPress sur mesure","https://comeup.com/fr/service/121159/creer-votre-site-vitrine-blog-e-commerce-wordpress-sur-mesure","À partir de 252,78 £GB","[object Object]","5,0","(79)","$","$","$","","$",""
"https://thumbor.comeup.com/LLIwwI6v2KRr3xPJMwuelYf5rT8=/390x219/filters:format(webp):quality(90)/uploads/media/picture/2025-05-30/2cccd07f-5euros-image-service-3-68396158b8b9d.png","https://thumbor.comeup.com/5V21xHwj37f5IAJ3jyq6vft3z7c=/28x28/filters:quality(90):no_upscale()/user/6f634e39-efb9-4cc2-b467-475e9c7dc0ab.png","kategriss","Je vais créer un site web clé en main avec Divi","https://comeup.com/fr/service/34057/creer-un-site-web-cle-en-main-avec-divi","À partir de 248,58 £GB","[object Object]","4,9","(90)","$","$","$","$","",""
"https://thumbor.comeup.com/f3i7jgKepDS_eq3wwP4cC0NsMzI=/390x219/filters:format(webp):quality(90)/uploads/media/picture/2025-04-06/je-vais-creer-votre-site-web-wordpress-professionnel-et-seo-friendly-67f2c18a8e3a2.png","https://thumbor.comeup.com/_gM2WSXFeJfOCN4mdtLgbo43xHg=/28x28/filters:quality(90):no_upscale()/user/d9dd05d8-71dc-41e8-a2e7-dc3f44cb6364.jpg","Franki1607","Je vais créer votre site web wordpress professionnel et SEO friendly","https://comeup.com/fr/service/419428/creer-votre-site-web-wordpress-professionnel-et-seo-friendly","À partir de 160,10 £GB","[object Object]","5,0","(18)","$","$","$","","$",""
"https://thumbor.comeup.com/1HRw2F-OGmEa9KO0hb72I7ux1GI=/390x219/filters:format(webp):quality(90)/uploads/media/picture/2024-11-14/crea-wix-6736230852a67.png","https://thumbor.comeup.com/ssg3Cav2fLmtJe3IzJTx78-GYcw=/28x28/filters:quality(90):no_upscale()/user/f8a387f1-6fdf-4ac7-8fc0-1f497696ef75.png","EcomDev","Je vais créer votre site web optimisé SEO avec Wix","https://comeup.com/fr/service/263298/creer-votre-site-web-optimise-seo-avec-wix","À partir de 328,63 £GB","[object Object]","5,0","(104)","$","$","$","","$",""
"https://thumbor.comeup.com/BqnIR8sEgW3c1yGJxT_lA9kyQ34=/390x219/filters:format(webp):quality(90)/uploads/media/picture/2025-05-18/04014b00-votre-site-vitrine-site-web-sur-mesure-avec-wordpress-1-6829ce3fd9e3a.png","https://thumbor.comeup.com/CDyeER6knoDBjwV9kBzYiU8Z3TE=/28x28/filters:quality(90):no_upscale()/user/962e5b73-94d2-43be-92c8-86edd1799fb7.png","meta_web","Je vais réaliser votre site vitrine / site web sur-mesure avec WordPress","https://comeup.com/fr/service/269724/realiser-votre-site-vitrine-site-web-sur-mesure-avec-wordpress","À partir de 84,26 £GB","[object Object]","5,0","(118)","$","$","","","$","$"
"https://thumbor.comeup.com/7aiKvhSIQC0hHbFTf5IDaXryF-k=/390x219/filters:format(webp):quality(90)/uploads/media/picture/2025-05-08/2310fdde-site-wordpress1-681c7c5543d12.gif","https://thumbor.comeup.com/JIdu5sAFFbyfdZiz-f1UJxEQBkA=/28x28/filters:quality(90):no_upscale()/user/6a34007e-dd53-4ad1-bd7f-c018343280ab.png","kadama","Je vais faire la création d'un site Wordpress","https://comeup.com/fr/service/341062/faire-la-creation-dun-site-wordpress","À partir de 126,39 £GB","[object Object]","5,0","(22)","$","$","$","","$",""
"https://thumbor.comeup.com/sisc-wCB_Zwb4mj1fLO1zAUysfk=/390x219/filters:format(webp):quality(90)/uploads/media/picture/2024-11-29/frame-5-5-674a2f6fccb3c.png","https://thumbor.comeup.com/_wKRgotxklwptKz9wZt2gbkQ0Cg=/28x28/filters:quality(90):no_upscale()/user/95287b06-f3b0-4125-bdf2-b4fb0b3317d5.jpg","ThomasHamard","Je vais développer votre SaaS avec NextJS, Supabase et Stripe / LemonSqueezy","https://comeup.com/fr/service/452146/developper-votre-saas-avec-nextjs-supabase-et-stripe-lemonsqueezy","À partir de 501,34 £GB","","5,0","(3)","$","$","$","$","",""
"https://thumbor.comeup.com/Z_a6Nfo_LdgllVcTpQLjmnlhgk4=/390x219/filters:format(webp):quality(90)/uploads/media/picture/2022-10-25/vignette-5euros-caramande-site-artisan-commercant-63577a861563a.png","https://thumbor.comeup.com/_v-VqBF3titWY-_TRn-JIqaLh6c=/28x28/filters:quality(90):no_upscale()/user/3643a5f8-e7a9-4a9f-8aef-1679b42b75f1.png","Caramande","Je vais créer votre site internet commerçant ou artisan","https://comeup.com/fr/service/157347/creer-votre-site-internet-commercant-ou-artisan","À partir de 484,49 £GB","[object Object]","5,0","(26)","$","$","$","","$",""
"https://thumbor.comeup.com/Vq5Vg-PWvPQUYnwJJ8ouan-_8nY=/390x219/filters:format(webp):quality(90)/uploads/media/picture/2023-02-22/creation-wordpress-63f54e3443d0d.png","https://thumbor.comeup.com/YJkYn9W4_UYwhJDFW2TB054C0Ds=/28x28/filters:quality(90):no_upscale()/user/ac326180-3902-4d03-8be0-a86bda29b04b.jpg","Yuuc","Je vais créer un site WordPress sur mesure","https://comeup.com/fr/service/154553/creer-un-site-wordpress-sur-mesure","À partir de 168,52 £GB","[object Object]","5,0","(58)","$","$","$","","$",""
"https://thumbor.comeup.com/SZ6pGGxJY5pjeVjJo2XSwTvj6pw=/390x219/filters:format(webp):quality(90)/uploads/media/picture/2025-01-29/comeup-bkg-679a824623240.png","https://thumbor.comeup.com/LqLnsatw6Q7_1WxiV-G7LZVej_4=/28x28/filters:quality(90):no_upscale()/user/17d50e3f-6bef-4d5e-83c1-a75964b8c71d.png","_maxdev","Je vais créer votre site web avec NextJS","https://comeup.com/fr/service/435360/creer-votre-site-web-avec-nextjs","À partir de 84,26 £GB","[object Object]","5,0","(3)","$","$","$","$","",""
"https://thumbor.comeup.com/VLciHnVUlJh8AXBo-YiHjd5ri3Y=/390x219/filters:format(webp):quality(90)/uploads/media/picture/2022-10-25/vignette-5euros-caramande-site-wordpress-63577a62ceedb.png","https://thumbor.comeup.com/_v-VqBF3titWY-_TRn-JIqaLh6c=/28x28/filters:quality(90):no_upscale()/user/3643a5f8-e7a9-4a9f-8aef-1679b42b75f1.png","Caramande","Je vais réaliser votre site professionnel WordPress","https://comeup.com/fr/service/148395/realiser-votre-site-professionnel-wordpress","À partir de 21,06 £GB","[object Object]","5,0","(57)","$","$","$","$","",""
"https://thumbor.comeup.com/xRSv3Wi-0RetgrDgQevR0UhfaZk=/390x219/filters:format(webp):quality(90)/uploads/media/picture/2024-04-01/jojo-miniature-comeup-wordpress-mars-2024-1-660a7bcb1093b.jpg","https://thumbor.comeup.com/93m36Eh7lQ7FT8CmZT46ROpC1gU=/28x28/filters:quality(90):no_upscale()/user/a9f2ab27-1359-424c-8e59-d44bae4e9e82.png","DJones_Marketpro","Je vais faire la création optimisé SEO de votre site web WordPress professionnel","https://comeup.com/fr/service/336932/faire-la-creation-optimise-seo-de-votre-site-web-wordpress-professionnel","À partir de 210,66 £GB","[object Object]","5,0","(23)","$","$","$","","$",""
"https://thumbor.comeup.com/FTLhb8MN5yasVDHUoW47wEvhhzY=/390x219/filters:format(webp):quality(90)/uploads/media/picture/2025-06-03/09a88ec0-creation-site-web-wordpress-683f5c6f40e8f.jpg","https://thumbor.comeup.com/3fg4lerXDqsLH-o5f_9wFfSNJR8=/28x28/filters:quality(90):no_upscale()/user/bbb74f05-2653-42c6-9e8d-773f0a43e379.jpg","PRESTA_PLUX","Je vais créer votre site web WordPress optimisé SEO","https://comeup.com/fr/service/379058/creer-votre-site-web-wordpress-optimise-seo","À partir de 311,78 £GB","[object Object]","5,0","(5)","$","$","$","$","",""
"https://thumbor.comeup.com/xPdLinkaYqTUWCt1OK8dl6LRaD0=/390x219/filters:format(webp):quality(90)/uploads/media/picture/2024-06-12/site-internetv32-6669d9b7108db.png","https://thumbor.comeup.com/084nXCjJU9zoXUhjXNQueBLcmQQ=/28x28/filters:quality(90):no_upscale()/user/3a96ff88-9050-4fd3-9224-ff42e5ab437a.png","ThibaudSa","Je vais créer votre site Internet WordPress professionnel DIVI","https://comeup.com/fr/service/75633/creer-votre-site-internet-wordpress-professionnel-divi","À partir de 210,65 £GB","[object Object]","5,0","(59)","$","$","$","","$",""
"https://thumbor.comeup.com/bLMRFONzeO3ScQHKnTLm3com1tY=/390x219/filters:format(webp):quality(90)/uploads/media/picture/2023-05-02/1-6451276cc4a40.png","https://thumbor.comeup.com/Zn5hHP2ty4L2dDwh6nk2dUX6ElU=/28x28/filters:quality(90):no_upscale()/user/7ce48f15-1541-4548-801d-9366b5dbde2f.png","DIVI_EXPERT","Je vais créer votre site internet Wordpress avec Divi / Elementor","https://comeup.com/fr/service/175981/creer-votre-site-internet-wordpress-avec-divi-elementor","À partir de 581,39 £GB","","5,0","(297)","$","$","$","$","",""
"https://thumbor.comeup.com/gaISF442QPhTVnXsnxoepGp-nLs=/390x219/filters:format(webp):quality(90)/uploads/media/picture/2025-02-04/creation-site-web-weblab-67a1eaaecf066.jpg","https://thumbor.comeup.com/8JWqdftfP1LXbVf5Uc0YUIWc3ME=/28x28/filters:quality(90):no_upscale()/user/cd1adbb5-ecb9-4aeb-b568-f74ed100dd92.png","WebLab","Je vais créer votre site web WordPress premium","https://comeup.com/fr/service/238718/creer-votre-site-web-wordpress-premium","À partir de 303,35 £GB","[object Object]","5,0","(13)","$","$","$","$","",""
"https://thumbor.comeup.com/VFBokTn9cePcnSGBmcdtXl2hW3s=/390x219/filters:format(webp):quality(90)/uploads/media/picture/2024-07-01/site-internet-wordpress-66825cba302a8.png","https://thumbor.comeup.com/nMtmcUURZ9w-66SRlUaFIeTk7PI=/28x28/filters:quality(90):no_upscale()/user/29817079-3b46-48f5-a2ca-c4580b55997b.png","Donatien_wpweb","Je vais créer votre site internet sous WordPress","https://comeup.com/fr/service/400905/creer-votre-site-internet-sous-wordpress","À partir de 126,39 £GB","[object Object]","5,0","(28)","$","$","","","$","$"
"https://thumbor.comeup.com/oE6DUVeywZwL7Y2dDS-j2arRA_Y=/390x219/filters:format(webp):quality(90)/uploads/media/picture/2024-07-25/food-66a2770d9f9cd.jpg","https://thumbor.comeup.com/QVw7lFj7XrSLRIUa55v7qq1pBek=/28x28/filters:quality(90):no_upscale()/user/78a81439-45c8-4c3f-9fb0-4377db0f2b00.jpg","Abdesslam","Je vais créer un Site Moderne pour Vos Réservations Fastfood/Restaurant","https://comeup.com/fr/service/438569/creer-un-site-moderne-pour-vos-reservations-fastfood-restaurant","À partir de 235,93 £GB","","5,0","(1)","$","$","$","$","",""
"https://thumbor.comeup.com/yH5JVm3a0nq2-ze8izyIypTMfio=/390x219/filters:format(webp):quality(90)/uploads/media/picture/2025-04-15/11-67fe42a3c9ffd.png","https://thumbor.comeup.com/GBZ15qYXYNZ5eEj6chcEWue2Tdg=/28x28/filters:quality(90):no_upscale()/user/f6db3cdd-f25b-4a1e-abb2-1fbe55e2086d.png","MouradLondon_WP","Je vais créer votre site internet Wordpress avec Elementor","https://comeup.com/fr/service/281691/creer-votre-site-internet-wordpress-avec-elementor","À partir de 417,08 £GB","[object Object]","5,0","(30)","$","$","$","$","",""
"https://thumbor.comeup.com/10dSqobvmZJCWKgH7t6wqgz6Lrc=/390x219/filters:format(webp):quality(90)/uploads/media/picture/2025-01-10/frame-13-67815541c4706.png","https://thumbor.comeup.com/K7G6oFdW1Hjph9ckOUAl_4rP-Ts=/28x28/filters:quality(90):no_upscale()/user/b3393111-3af7-4b71-9eb1-d757ee93546a.png","Maryam_Design","Je vais créer un site internet professionnel avec WordPress","https://comeup.com/fr/service/254216/creer-un-site-internet-professionnel-avec-wordpress","À partir de 631,94 £GB","[object Object]","5,0","(70)","$","$","","","$","$"
"https://thumbor.comeup.com/VQ9kkx0De5BwfSfO7gZeBXdJKzs=/390x219/filters:format(webp):quality(90)/uploads/media/picture/2025-02-20/siteweb-67b69b20b21f1.png","https://thumbor.comeup.com/jTR_RqiVorl6tr7WCV3Ch5q9EBo=/28x28/filters:quality(90):no_upscale()/user/08d174f2-1767-4eb5-bab6-744edd336313.jpg","Lenaic_","Je vais créer votre site web sur mesure","https://comeup.com/fr/service/403190/creer-votre-site-web-sur-mesure","À partir de 210,66 £GB","[object Object]","5,0","(51)","$","","","","$","$"
"https://thumbor.comeup.com/5_raJy7u5rxYHL6KQKVuFUd1gDo=/390x219/filters:format(webp):quality(90)/uploads/media/picture/2024-11-08/titre-672e2667c86e4.jpg","https://thumbor.comeup.com/yvVqPKFQID1CxYkWXw-cS3QIJSA=/28x28/filters:quality(90):no_upscale()/user/8a6b21c2-efdf-46d9-bae1-58c845a5c624.jpg","Yohann_V","Je vais créer un site web personnalisé et moderne avec Framer","https://comeup.com/fr/service/421720/creer-un-site-web-personnalise-et-moderne-avec-framer","À partir de 556,14 £GB","","5,0","(1)","$","$","$","$","",""
"https://thumbor.comeup.com/Wsd1YcKDNjlwy3G3HTRVCe1C0VE=/390x219/filters:format(webp):quality(90)/uploads/media/picture/2022-03-05/swello-6223885787eee.png","https://thumbor.comeup.com/L29DfRjzj6A-hBSgvr6bqpyx9nI=/28x28/filters:quality(90):no_upscale()/user/589d18b4-9dc0-482f-94f0-5d3d268fc94c.png","Hwakrim","Je vais créer votre site web wordpress professionnel clé en main et optimisé","https://comeup.com/fr/service/64229/creer-votre-site-web-wordpress-professionnel-cle-en-main-et-optimise","À partir de 244,35 £GB","","5,0","(138)","$","$","$","$","",""
"https://thumbor.comeup.com/aUORgiOzZB1wCeSXsTUFo1RsCNU=/390x219/filters:format(webp):quality(90)/uploads/media/picture/2025-05-22/ed1e24f2-diapositive1-682e7d1cd5512.jpg","https://thumbor.comeup.com/k1c7EOqwSJshNHpmLq3WUA0LGXE=/28x28/filters:quality(90):no_upscale()/user/5700fec2-aec8-4b31-8b7f-41d2d267d136.jpg","Netcoaching","Je vais créer ou faire la refonte Premium de votre Site avec Elementor ou DIVI","https://comeup.com/fr/service/462945/creer-ou-faire-la-refonte-premium-de-votre-site-avec-elementor-ou-divi","À partir de 42,13 £GB","[object Object]","5,0","(10)","$","$","","","$","$"
"https://thumbor.comeup.com/CjU1g02QlKHJlumsZVjV86VAXAM=/390x219/filters:format(webp):quality(90)/uploads/media/picture/2025-05-27/bccfa29f-maquette-1-683573afb1a1c.png","https://thumbor.comeup.com/MDkBSdXea8GWeQMinBsqMsZYTVs=/28x28/filters:quality(90):no_upscale()/user/afdd8c94-b53f-431f-adfe-c2638a81ffa1.png","Habeuk","Je vais transformer votre maquette en un site web responsive et performant","https://comeup.com/fr/service/442819/transformer-votre-maquette-en-un-site-web-responsive-et-performant","À partir de 223,30 £GB","","5,0","(1)","$","$","$","$","",""
"https://thumbor.comeup.com/feXoHMc0Bhpv9KEfSkZ_jYpC7Fk=/390x219/filters:format(webp):quality(90)/uploads/media/picture/2024-12-13/7-675b7adc623d2.png","https://thumbor.comeup.com/erSImibqm0oSMfQZ_NY8P9Vool4=/28x28/filters:quality(90):no_upscale()/user/2dbc6768-98a2-426b-9117-42b3014c9966.png","Mylene_G","Je vais créer votre site Wordpress professionnel","https://comeup.com/fr/service/443507/creer-votre-site-wordpress-professionnel","À partir de 151,67 £GB","[object Object]","5,0","(7)","$","$","$","","$",""
"https://thumbor.comeup.com/zwrl5u69StsKaw3gn7Ny7H0a4Ow=/390x219/filters:format(webp):quality(90)/uploads/media/picture/2020-06-09/6e13c497-f46e-40ad-b330-33755520bfb7.png","https://thumbor.comeup.com/hByl5jAD2IpzxFe9c0bzO0nh4GM=/28x28/filters:quality(90):no_upscale()/user/ec5bf42e-43b6-467c-878d-4a28e35a0a2c.jpeg","winnery","Je vais développer un élément de votre site web","https://comeup.com/fr/service/118227/developper-un-element-de-votre-site-web","À partir de 25,28 £GB","[object Object]","5,0","(243)","$","$","","","$","$"
"https://thumbor.comeup.com/loUkZTNSspnD8IsQr2e8m262J_0=/390x219/filters:format(webp):quality(90)/uploads/media/picture/2023-09-15/ap-650448ff08e54.png","https://thumbor.comeup.com/BiY90qb9pGH7DKpqV0vEYOYejWg=/28x28/filters:quality(90):no_upscale()/user/46efd708-cdb9-4481-a072-9466d37decdd.jpg","ngadi48","Je vais creer votre site web personnalisé en python/Django pour votre activité ou entreprise","https://comeup.com/fr/service/293284/creer-votre-site-web-personnalise-en-python-django-pour-votre-activite-ou-entreprise","À partir de 25,28 £GB","","5,0","(4)","$","$","$","","$",""
"https://thumbor.comeup.com/aeI-_bfHR4Ns0pmY7YBDVvjlZF0=/390x219/filters:format(webp):quality(90)/uploads/media/picture/2023-03-21/1-6419e9ef45832.png","https://thumbor.comeup.com/UPcwmOwp2yIKDmJ5jnZeY-RMXqY=/28x28/filters:quality(90):no_upscale()/user/1b80d4b5-907b-40cf-8a2b-c98dba3653ec.png","VilascoGomez","Je vais faire la refonte de site wordpress","https://comeup.com/fr/service/170760/faire-la-refonte-de-site-wordpress","À partir de 50,56 £GB","[object Object]","5,0","(105)","$","$","","","$","$"
"https://thumbor.comeup.com/vHQyd6J3NSjstWjQ62KHot6YgkM=/390x219/filters:format(webp):quality(90)/uploads/media/picture/2023-12-15/web-cle-657c22534c24f.png","https://thumbor.comeup.com/dvYoqeKG1ycCk_Fwl6WvTe5QbnA=/28x28/filters:quality(90):no_upscale()/user/7486b202-bf8d-484c-b638-3a65fcc6e96f.png","Coding_Industry","Je vais développer votre site web clé en main","https://comeup.com/fr/service/242488/developper-votre-site-web-cle-en-main","À partir de 210,66 £GB","[object Object]","5,0","(28)","$","$","$","","$",""
"https://thumbor.comeup.com/PLFxUo8_t9nwlaJX8MiwTh-DHQ0=/390x219/filters:format(webp):quality(90)/uploads/media/picture/2024-09-17/new-wordpress-woocommerce-66e967f82ddec.png","https://thumbor.comeup.com/ER1pePazMGLP3Le_Zdgda1Uf_Y8=/28x28/filters:quality(90):no_upscale()/user/00685ee5-d11b-4b93-8ee6-03682349ac44.jpg","Clara_Consulting","Je vais vous créer un site Wordpress / Woocommerce sur mesure pour propulser votre succès","https://comeup.com/fr/service/419666/vous-creer-un-site-wordpress-woocommerce-sur-mesure-pour-propulser-votre-succes","À partir de 12,64 £GB","[object Object]","5,0","(3)","$","$","$","$","",""
"https://thumbor.comeup.com/9elBAPSToss-stu2gU8bvbWtIfQ=/390x219/filters:format(webp):quality(90)/uploads/media/picture/2025-03-11/18-67d0488ac2341.png","https://thumbor.comeup.com/zOcS7bSYL3CQidecXHxeaTZ28Xw=/28x28/filters:quality(90):no_upscale()/user/ee0918be-7bb4-404c-bf40-95f566d07663.png","GraphiqueONE","Je vais créer votre site Internet WordPress design et unique avec DIVI ou Elementor","https://comeup.com/fr/service/132672/creer-votre-site-internet-wordpress-design-et-unique-avec-divi-ou-elementor","À partir de 252,78 £GB","[object Object]","5,0","(4)","$","$","$","$","",""